,count,taxon.id,taxon.rank,taxon.rank_level,taxon.iconic_taxon_id,taxon.ancestor_ids,taxon.is_active,taxon.name,taxon.parent_id,taxon.ancestry,taxon.extinct,taxon.default_photo.id,taxon.default_photo.license_code,taxon.default_photo.attribution,taxon.default_photo.url,taxon.default_photo.original_dimensions.height,taxon.default_photo.original_dimensions.width,taxon.default_photo.flags,taxon.default_photo.square_url,taxon.default_photo.medium_url,taxon.taxon_changes_count,taxon.taxon_schemes_count,taxon.observations_count,taxon.flag_counts.resolved,taxon.flag_counts.unresolved,taxon.current_synonymous_taxon_ids,taxon.atlas_id,taxon.complete_species_count,taxon.wikipedia_url,taxon.iconic_taxon_name,taxon.preferred_common_name,taxon.conservation_status.source_id,taxon.conservation_status.user_id,taxon.conservation_status.authority,taxon.conservation_status.status,taxon.conservation_status.status_name,taxon.conservation_status.geoprivacy,taxon.conservation_status.iucn,taxon.conservation_status.place.id,taxon.conservation_status.place.name,taxon.conservation_status.place.display_name,taxon.conservation_status.place.ancestry,taxon.conservation_status.place_id,taxon.establishment_means.id,taxon.establishment_means.establishment_means,taxon.establishment_means.place.id,taxon.establishment_means.place.name,taxon.establishment_means.place.display_name,taxon.establishment_means.place.ancestry,taxon.preferred_establishment_means
0,251,41638,species,10,40151,"[48460, 1, 2, 355675, 40151, 848317, 848320, 848324, 41573, 41636, 846255, 41637, 41638]",True,Ursus americanus,41637,48460/1/2/355675/40151/848317/848320/848324/41573/41636/846255/41637,False,307636014,,"(c) Dan LaVorgna, all rights reserved, uploaded by Dan LaVorgna",https://static.inaturalist.org/photos/307636014/square.jpg,801,1200,[],https://static.inaturalist.org/photos/307636014/square.jpg,https://static.inaturalist.org/photos/307636014/medium.jpg,1,6,47913,3,0,,13.0,,http://en.wikipedia.org/wiki/American_black_bear,Mammalia,American Black Bear,,,NatureServe,s3,vulnerable,obscured,30.0,18.0,Texas,"Texas, US",97394/1,,,,,,,,
1,215,42113,species,10,40151,"[48460, 1, 2, 355675, 40151, 848317, 848320, 848324, 152870, 848343, 42111, 42112, 42113]",True,Pecari tajacu,42112,48460/1/2/355675/40151/848317/848320/848324/152870/848343/42111/42112,False,32909126,cc-by,"(c) Gustavo Masuzzo, some rights reserved (CC BY)",https://inaturalist-open-data.s3.amazonaws.com/photos/32909126/square.jpg,1365,2048,[],https://inaturalist-open-data.s3.amazonaws.com/photos/32909126/square.jpg,https://inaturalist-open-data.s3.amazonaws.com/photos/32909126/medium.jpg,0,6,11225,2,1,,45.0,,https://en.wikipedia.org/wiki/Collared_peccary,Mammalia,Collared Peccary,,,,,,,,,,,,,,,,,,,
2,104,42051,species,10,40151,"[48460, 1, 2, 355675, 40151, 848317, 848320, 848324, 41573, 42043, 42044, 42051]",True,Canis latrans,42044,48460/1/2/355675/40151/848317/848320/848324/41573/42043/42044,False,29683240,cc-by-nc,"(c) Don McCullough, some rights reserved (CC BY-NC)",https://inaturalist-open-data.s3.amazonaws.com/photos/29683240/square.jpg,1638,2048,[],https://inaturalist-open-data.s3.amazonaws.com/photos/29683240/square.jpg,https://inaturalist-open-data.s3.amazonaws.com/photos/29683240/medium.jpg,2,6,83772,4,1,,8.0,,http://en.wikipedia.org/wiki/Coyote,Mammalia,Coyote,,,,,,,,,,,,,,,,,,,
3,88,180008,species,10,40151,"[48460, 1, 2, 355675, 40151, 848317, 848320, 848323, 43698, 129411, 45933, 339572, 209650, 179939, 180008]",True,Otospermophilus variegatus,179939,48460/1/2/355675/40151/848317/848320/848323/43698/129411/45933/339572/209650/179939,False,180968257,,"(c) Juan Miguel Artigas Azas, all rights reserved, uploaded by Juan Miguel Artigas Azas",https://static.inaturalist.org/photos/180968257/square.jpg,800,1200,[],https://static.inaturalist.org/photos/180968257/square.jpg,https://static.inaturalist.org/photos/180968257/medium.jpg,1,3,15230,1,0,,38.0,,http://en.wikipedia.org/wiki/Rock_squirrel,Mammalia,Rock Squirrel,,,,,,,,,,,,,,,,,,,
4,78,42223,species,10,40151,"[48460, 1, 2, 355675, 40151, 848317, 848320, 848324, 152870, 424850, 42158, 846185, 846324, 42219, 42223]",True,Odocoileus virginianus,42219,48460/1/2/355675/40151/848317/848320/848324/152870/424850/42158/846185/846324/42219,False,250644214,cc-by-nc,"(c) unknownalloy, some rights reserved (CC BY-NC)",https://inaturalist-open-data.s3.amazonaws.com/photos/250644214/square.jpeg,955,1185,[],https://inaturalist-open-data.s3.amazonaws.com/photos/250644214/square.jpeg,https://inaturalist-open-data.s3.amazonaws.com/photos/250644214/medium.jpeg,0,7,211308,3,0,,4.0,,http://en.wikipedia.org/wiki/White-tailed_deer,Mammalia,White-tailed Deer,,,,,,,,,,,,,,,,,,,
5,76,43115,species,10,40151,"[48460, 1, 2, 355675, 40151, 848317, 848320, 848323, 43094, 43095, 43096, 43115]",True,Sylvilagus audubonii,43096,48460/1/2/355675/40151/848317/848320/848323/43094/43095/43096,False,168161731,cc-by-nc,"(c) Matt, some rights reserved (CC BY-NC), uploaded by Matt",https://inaturalist-open-data.s3.amazonaws.com/photos/168161731/square.jpg,1296,2048,[],https://inaturalist-open-data.s3.amazonaws.com/photos/168161731/square.jpg,https://inaturalist-open-data.s3.amazonaws.com/photos/168161731/medium.jpg,0,6,31644,1,0,,16.0,,http://en.wikipedia.org/wiki/Desert_cottontail,Mammalia,Desert Cottontail,,,,,,,,,,,,,,,,,,,
6,53,42076,species,10,40151,"[48460, 1, 2, 355675, 40151, 848317, 848320, 848324, 41573, 42043, 42075, 42076]",True,Urocyon cinereoargenteus,42075,48460/1/2/355675/40151/848317/848320/848324/41573/42043/42075,False,32504964,,"(c) Mike Zarella, all rights reserved, uploaded by Mike Zarella",https://static.inaturalist.org/photos/32504964/square.jpg,1008,1512,[],https://static.inaturalist.org/photos/32504964/square.jpg,https://static.inaturalist.org/photos/32504964/medium.jpg,0,6,25354,2,0,,19.0,,http://en.wikipedia.org/wiki/Gray_fox,Mammalia,Gray Fox,,,,,,,,,,,,,,,,,,,
7,49,43130,species,10,40151,"[48460, 1, 2, 355675, 40151, 848317, 848320, 848323, 43094, 43095, 43117, 43130]",True,Lepus californicus,43117,48460/1/2/355675/40151/848317/848320/848323/43094/43095/43117,False,22549628,,"(c) Ian Carlson, all rights reserved, uploaded by Ian Carlson",https://static.inaturalist.org/photos/22549628/square.jpg,1365,2048,[],https://static.inaturalist.org/photos/22549628/square.jpg,https://static.inaturalist.org/photos/22549628/medium.jpg,0,6,14870,2,0,,25.0,,http://en.wikipedia.org/wiki/Black-tailed_jackrabbit,Mammalia,Black-tailed Jackrabbit,,,,,,,,,,,,,,,,,,,
8,43,42220,species,10,40151,"[48460, 1, 2, 355675, 40151, 848317, 848320, 848324, 152870, 424850, 42158, 846185, 846324, 42219, 42220]",True,Odocoileus hemionus,42219,48460/1/2/355675/40151/848317/848320/848324/152870/424850/42158/846185/846324/42219,False,42633041,cc-by-sa,"(c) Oregon Department of Fish & Wildlife, some rights reserved (CC BY-SA)",https://inaturalist-open-data.s3.amazonaws.com/photos/42633041/square.jpg,1463,2048,[],https://inaturalist-open-data.s3.amazonaws.com/photos/42633041/square.jpg,https://inaturalist-open-data.s3.amazonaws.com/photos/42633041/medium.jpg,1,6,105430,4,0,,6.0,,http://en.wikipedia.org/wiki/Mule_deer,Mammalia,Mule Deer,,,,,,,,,,,,,,,,,,,
9,38,41976,species,10,40151,"[48460, 1, 2, 355675, 40151, 848317, 848320, 848324, 41573, 41944, 846179, 41973, 41976]",True,Lynx rufus,41973,48460/1/2/355675/40151/848317/848320/848324/41573/41944/846179/41973,False,60028871,cc-by-nc-nd,"(c) Kala Murphy King, some rights reserved (CC BY-NC-ND), uploaded by Kala Murphy King",https://inaturalist-open-data.s3.amazonaws.com/photos/60028871/square.jpg,1260,2048,[],https://inaturalist-open-data.s3.amazonaws.com/photos/60028871/square.jpg,https://inaturalist-open-data.s3.amazonaws.com/photos/60028871/medium.jpg,0,6,31547,1,0,,11.0,,http://en.wikipedia.org/wiki/Bobcat,Mammalia,Bobcat,,,,,,,,,,,,,,,,,,,
10,34,42422,species,10,40151,"[48460, 1, 2, 355675, 40151, 848317, 848320, 848324, 152870, 424850, 42241, 568847, 846307, 42421, 42422]",True,Ammotragus lervia,42421,48460/1/2/355675/40151/848317/848320/848324/152870/424850/42241/568847/846307/42421,False,17358215,cc-by-nc,"(c) David Sarkozi, some rights reserved (CC BY-NC), uploaded by David Sarkozi",https://inaturalist-open-data.s3.amazonaws.com/photos/17358215/square.jpg,1365,2048,[],https://inaturalist-open-data.s3.amazonaws.com/photos/17358215/square.jpg,https://inaturalist-open-data.s3.amazonaws.com/photos/17358215/medium.jpg,0,5,1120,1,0,,129.0,,http://en.wikipedia.org/wiki/Barbary_sheep,Mammalia,Aoudad,,,IUCN Red List,vu,vulnerable,,30.0,,,,,,26255106.0,introduced,55071.0,Big Bend National Park,"Big Bend National Park, US, TX",97394/1/18,introduced
11,33,209233,species,10,40151,"[48460, 1, 2, 355675, 40151, 848317, 848320, 848324, 43327, 43328, 43329, 209233]",True,Equus caballus,43329,48460/1/2/355675/40151/848317/848320/848324/43327/43328/43329,False,23672580,cc-by-nc,"(c) copper, some rights reserved (CC BY-NC), uploaded by copper",https://inaturalist-open-data.s3.amazonaws.com/photos/23672580/square.jpeg,1367,2048,[],https://inaturalist-open-data.s3.amazonaws.com/photos/23672580/square.jpeg,https://inaturalist-open-data.s3.amazonaws.com/photos/23672580/medium.jpeg,2,3,23779,2,0,,,,http://en.wikipedia.org/wiki/Horse,Mammalia,Domestic Horse,,,,,,,,,,,,,47742943.0,introduced,55071.0,Big Bend National Park,"Big Bend National Park, US, TX",97394/1/18,introduced
12,23,42007,species,10,40151,"[48460, 1, 2, 355675, 40151, 848317, 848320, 848324, 41573, 41944, 846179, 42006, 42007]",True,Puma concolor,42006,48460/1/2/355675/40151/848317/848320/848324/41573/41944/846179/42006,False,9834553,cc-by-nc,"(c) pfaucher, some rights reserved (CC BY-NC), uploaded by pfaucher",https://inaturalist-open-data.s3.amazonaws.com/photos/9834553/square.jpg,1280,1920,[],https://inaturalist-open-data.s3.amazonaws.com/photos/9834553/square.jpg,https://inaturalist-open-data.s3.amazonaws.com/photos/9834553/medium.jpg,1,6,9559,2,0,,41.0,,http://en.wikipedia.org/wiki/Cougar,Mammalia,Mountain Lion,,,,,,,,,,,,,,,,,,,
13,23,46253,species,10,40151,"[48460, 1, 2, 355675, 40151, 848317, 848320, 848323, 43698, 129411, 45933, 339572, 209650, 46251, 46253]",True,Ammospermophilus interpres,46251,48460/1/2/355675/40151/848317/848320/848323/43698/129411/45933/339572/209650/46251,False,6479347,,"(c) Lee Hoy, all rights reserved",https://static.inaturalist.org/photos/6479347/square.jpg,1365,2048,[],https://static.inaturalist.org/photos/6479347/square.jpg,https://static.inaturalist.org/photos/6479347/medium.jpg,0,6,275,0,0,,15296.0,,http://en.wikipedia.org/wiki/Texas_antelope_squirrel,Mammalia,Texas Antelope Squirrel,,,,,,,,,,,,,,,,,,,
14,19,148030,species,10,40151,"[48460, 1, 2, 355675, 40151, 848317, 848320, 848324, 43327, 43328, 43329, 148030]",True,Equus asinus,43329,48460/1/2/355675/40151/848317/848320/848324/43327/43328/43329,False,140505310,cc-by-nc,"(c) Justyn Stahl, some rights reserved (CC BY-NC), uploaded by Justyn Stahl",https://inaturalist-open-data.s3.amazonaws.com/photos/140505310/square.jpg,1366,2048,[],https://inaturalist-open-data.s3.amazonaws.com/photos/140505310/square.jpg,https://inaturalist-open-data.s3.amazonaws.com/photos/140505310/medium.jpg,0,3,7540,2,0,,,,http://en.wikipedia.org/wiki/Donkey,Mammalia,Donkey,,,,,,,,,,,,,7142724.0,introduced,55071.0,Big Bend National Park,"Big Bend National Park, US, TX",97394/1/18,introduced
15,18,40614,species,10,40151,"[48460, 1, 2, 355675, 40151, 848317, 848320, 848324, 40268, 446946, 446959, 40269, 846180, 846312, 40612, 40614]",True,Antrozous pallidus,40612,48460/1/2/355675/40151/848317/848320/848324/40268/446946/446959/40269/846180/846312/40612,False,118276197,cc-by-nc,"(c) dougback, some rights reserved (CC BY-NC)",https://inaturalist-open-data.s3.amazonaws.com/photos/118276197/square.jpg,857,1200,[],https://inaturalist-open-data.s3.amazonaws.com/photos/118276197/square.jpg,https://inaturalist-open-data.s3.amazonaws.com/photos/118276197/medium.jpg,0,6,938,0,0,,99.0,,http://en.wikipedia.org/wiki/Pallid_bat,Mammalia,Pallid Bat,,,,,,,,,,,,,,,,,,,
16,15,41663,species,10,40151,"[48460, 1, 2, 355675, 40151, 848317, 848320, 848324, 41573, 41660, 41661, 41663]",True,Procyon lotor,41661,48460/1/2/355675/40151/848317/848320/848324/41573/41660/41661,False,146276101,cc-by-nc,"(c) Paul Steeves, some rights reserved (CC BY-NC), uploaded by Paul Steeves",https://inaturalist-open-data.s3.amazonaws.com/photos/146276101/square.jpg,1365,2048,[],https://inaturalist-open-data.s3.amazonaws.com/photos/146276101/square.jpg,https://inaturalist-open-data.s3.amazonaws.com/photos/146276101/medium.jpg,0,6,103953,0,0,,9.0,,http://en.wikipedia.org/wiki/Raccoon,Mammalia,Common Raccoon,,,,,,,,,,,,,,,,,,,
17,15,43997,species,10,40151,"[48460, 1, 2, 355675, 40151, 848317, 848320, 848323, 43698, 870765, 870767, 870775, 43909, 846206, 846326, 43996, 43997]",True,Myocastor coypus,43996,48460/1/2/355675/40151/848317/848320/848323/43698/870765/870767/870775/43909/846206/846326/43996,False,121202333,cc-by-nc,"(c) Harald Henkel, some rights reserved (CC BY-NC)",https://inaturalist-open-data.s3.amazonaws.com/photos/121202333/square.jpg,1152,2048,[],https://inaturalist-open-data.s3.amazonaws.com/photos/121202333/square.jpg,https://inaturalist-open-data.s3.amazonaws.com/photos/121202333/medium.jpg,0,5,19499,4,0,,48.0,,http://en.wikipedia.org/wiki/Coypu,Mammalia,Coypu,,,,,,,,,,,,,17861007.0,introduced,55071.0,Big Bend National Park,"Big Bend National Park, US, TX",97394/1/18,introduced
18,14,41877,species,10,40151,"[48460, 1, 2, 355675, 40151, 848317, 848320, 848324, 41573, 41871, 846224, 41872, 41877]",True,Conepatus leuconotus,41872,48460/1/2/355675/40151/848317/848320/848324/41573/41871/846224/41872,False,2723601,cc-by-nc,"(c) Robby Deans, some rights reserved (CC BY-NC), uploaded by Robby Deans",https://inaturalist-open-data.s3.amazonaws.com/photos/2723601/square.jpg,1392,2048,[],https://inaturalist-open-data.s3.amazonaws.com/photos/2723601/square.jpg,https://inaturalist-open-data.s3.amazonaws.com/photos/2723601/medium.jpg,1,6,1141,0,0,,77.0,,https://en.wikipedia.org/wiki/American_hog-nosed_skunk,Mammalia,American Hog-nosed Skunk,,,NatureServe,s4,apparently secure,obscured,20.0,18.0,Texas,"Texas, US",97394/1,,,,,,,,
19,14,43794,species,10,40151,"[48460, 1, 2, 355675, 40151, 848317, 848320, 848323, 43698, 870764, 43791, 43792, 43794]",True,Castor canadensis,43792,48460/1/2/355675/40151/848317/848320/848323/43698/870764/43791/43792,False,249990599,cc-by-nc-sa,"(c) Jean-Sébastien Chartier-Dumais, some rights reserved (CC BY-NC-SA), uploaded by Jean-Sébastien Chartier-Dumais",https://inaturalist-open-data.s3.amazonaws.com/photos/249990599/square.jpeg,1183,2048,[],https://inaturalist-open-data.s3.amazonaws.com/photos/249990599/square.jpeg,https://inaturalist-open-data.s3.amazonaws.com/photos/249990599/medium.jpeg,0,7,43463,2,1,,14.0,,http://en.wikipedia.org/wiki/North_American_beaver,Mammalia,American Beaver,,,,,,,,,,,,,,,,,,,
20,13,41676,species,10,40151,"[48460, 1, 2, 355675, 40151, 848317, 848320, 848324, 41573, 41660, 41674, 41676]",True,Bassariscus astutus,41674,48460/1/2/355675/40151/848317/848320/848324/41573/41660/41674,False,34918230,cc-by-nc,"(c) Coronado Govaerts, some rights reserved (CC BY-NC), uploaded by Coronado Govaerts",https://inaturalist-open-data.s3.amazonaws.com/photos/34918230/square.jpg,1361,2048,[],https://inaturalist-open-data.s3.amazonaws.com/photos/34918230/square.jpg,https://inaturalist-open-data.s3.amazonaws.com/photos/34918230/medium.jpg,0,6,6111,3,0,,62.0,,http://en.wikipedia.org/wiki/Ring-tailed_cat,Mammalia,Ringtail,,,,,,,,,,,,,,,,,,,
21,13,41880,species,10,40151,"[48460, 1, 2, 355675, 40151, 848317, 848320, 848324, 41573, 41871, 846224, 41878, 41880]",True,Mephitis mephitis,41878,48460/1/2/355675/40151/848317/848320/848324/41573/41871/846224/41878,False,61292683,cc-by-nc,"(c) Ben Zerante, some rights reserved (CC BY-NC), uploaded by Ben Zerante",https://inaturalist-open-data.s3.amazonaws.com/photos/61292683/square.jpg,1365,2048,[],https://inaturalist-open-data.s3.amazonaws.com/photos/61292683/square.jpg,https://inaturalist-open-data.s3.amazonaws.com/photos/61292683/medium.jpg,0,6,25305,1,0,,22.0,,http://en.wikipedia.org/wiki/Striped_skunk,Mammalia,Striped Skunk,,,,,,,,,,,,,,,,,,,
22,11,183164,species,10,40151,"[48460, 1, 2, 355675, 40151, 848317, 848320, 848324, 40268, 446946, 446959, 40269, 846180, 846385, 183163, 183164]",True,Parastrellus hesperus,183163,48460/1/2/355675/40151/848317/848320/848324/40268/446946/446959/40269/846180/846385/183163,False,21898718,,"(c) Jose G. Martinez-Fonseca, all rights reserved",https://static.inaturalist.org/photos/21898718/square.jpg,1731,1155,[],https://static.inaturalist.org/photos/21898718/square.jpg,https://static.inaturalist.org/photos/21898718/medium.jpg,1,4,645,1,0,,132.0,,http://en.wikipedia.org/wiki/Canyon_bat,Mammalia,Canyon Bat,,,,,,,,,,,,,,,,,,,
23,10,74205,species,10,40151,"[48460, 1, 2, 355675, 40151, 848317, 848320, 848324, 40268, 446946, 446959, 40269, 846180, 846318, 71833, 74205]",True,Corynorhinus townsendii,71833,48460/1/2/355675/40151/848317/848320/848324/40268/446946/446959/40269/846180/846318/71833,False,92753682,cc-by-nc,"(c) adriscoll, some rights reserved (CC BY-NC), uploaded by adriscoll",https://inaturalist-open-data.s3.amazonaws.com/photos/92753682/square.jpeg,1365,2048,[],https://inaturalist-open-data.s3.amazonaws.com/photos/92753682/square.jpeg,https://inaturalist-open-data.s3.amazonaws.com/photos/92753682/medium.jpeg,1,6,701,0,0,,116.0,,http://en.wikipedia.org/wiki/Townsend's_big-eared_bat,Mammalia,Townsend's Big-eared Bat,8.0,,NatureServe,g3g4,vulnerable,open,30.0,,,,,,,,,,,,
24,8,41224,species,10,40151,"[48460, 1, 2, 355675, 40151, 848317, 848320, 848324, 40268, 446946, 446960, 41215, 41223, 41224]",True,Mormoops megalophylla,41223,48460/1/2/355675/40151/848317/848320/848324/40268/446946/446960/41215/41223,False,147878,cc-by-nc-sa,"(c) Alex Borisenko, Biodiversity Institute of Ontario, some rights reserved (CC BY-NC-SA)",https://inaturalist-open-data.s3.amazonaws.com/photos/147878/square.jpeg,332,499,[],https://inaturalist-open-data.s3.amazonaws.com/photos/147878/square.jpeg,https://inaturalist-open-data.s3.amazonaws.com/photos/147878/medium.jpeg,0,6,186,0,0,,,,http://en.wikipedia.org/wiki/Ghost-faced_bat,Mammalia,Ghost-faced Bat,,,,,,,,,,,,,,,,,,,
25,8,41789,species,10,40151,"[48460, 1, 2, 355675, 40151, 848317, 848320, 848324, 41573, 41770, 846287, 41788, 41789]",True,Taxidea taxus,41788,48460/1/2/355675/40151/848317/848320/848324/41573/41770/846287/41788,False,24707764,cc-by-nc-sa,"(c) Jerry Oldenettel, some rights reserved (CC BY-NC-SA)",https://inaturalist-open-data.s3.amazonaws.com/photos/24707764/square.jpg,1554,2048,[],https://inaturalist-open-data.s3.amazonaws.com/photos/24707764/square.jpg,https://inaturalist-open-data.s3.amazonaws.com/photos/24707764/medium.jpg,0,7,3970,0,0,,52.0,,http://en.wikipedia.org/wiki/American_badger,Mammalia,American Badger,,,,,,,,,,,,,,,,,,,
26,6,44126,species,10,40151,"[48460, 1, 2, 355675, 40151, 848317, 848320, 848323, 43698, 870764, 44081, 552174, 44098, 44126]",True,Dipodomys merriami,44098,48460/1/2/355675/40151/848317/848320/848323/43698/870764/44081/552174/44098,False,573045,,"(c) J. N. Stuart, all rights reserved, uploaded by J. N. Stuart",https://static.inaturalist.org/photos/573045/square.jpg,1362,2043,[],https://static.inaturalist.org/photos/573045/square.jpg,https://static.inaturalist.org/photos/573045/medium.jpg,1,6,1261,0,0,,101.0,,http://en.wikipedia.org/wiki/Merriam's_kangaroo_rat,Mammalia,Merriam's Kangaroo Rat,,,,,,,,,,,,,,,,,,,
27,6,204114,species,10,40151,"[48460, 1, 2, 355675, 40151, 848317, 848320, 848324, 152870, 424850, 42158, 846198, 846317, 42205, 204114]",True,Cervus canadensis,42205,48460/1/2/355675/40151/848317/848320/848324/152870/424850/42158/846198/846317/42205,False,115009764,cc-by-nc,"(c) Mark Moschell, some rights reserved (CC BY-NC)",https://inaturalist-open-data.s3.amazonaws.com/photos/115009764/square.jpg,2048,2047,[],https://inaturalist-open-data.s3.amazonaws.com/photos/115009764/square.jpg,https://inaturalist-open-data.s3.amazonaws.com/photos/115009764/medium.jpg,3,2,30933,6,0,,12738.0,,https://en.wikipedia.org/wiki/Elk,Mammalia,Wapiti,,,NatureServe,s2,imperiled,obscured,40.0,18.0,Texas,"Texas, US",97394/1,,,,,,,,
28,5,40523,species,10,40151,"[48460, 1, 2, 355675, 40151, 848317, 848320, 848324, 40268, 446946, 446959, 40269, 846180, 846297, 40516, 1492823, 40523]",True,Lasiurus cinereus,1492823,48460/1/2/355675/40151/848317/848320/848324/40268/446946/446959/40269/846180/846297/40516/1492823,False,30287323,cc-by-nc,"(c) David Bell, some rights reserved (CC BY-NC), uploaded by David Bell",https://inaturalist-open-data.s3.amazonaws.com/photos/30287323/square.jpg,1446,2048,[],https://inaturalist-open-data.s3.amazonaws.com/photos/30287323/square.jpg,https://inaturalist-open-data.s3.amazonaws.com/photos/30287323/medium.jpg,1,6,1697,2,0,,98.0,,http://en.wikipedia.org/wiki/Hoary_bat,Mammalia,Hoary Bat,,,,,,,,,,,,,,,,,,,
29,5,44902,species,10,40151,"[48460, 1, 2, 355675, 40151, 848317, 848320, 848323, 43698, 870778, 488924, 55986, 735072, 735073, 44893, 1431433, 44902]",True,Sigmodon hispidus,1431433,48460/1/2/355675/40151/848317/848320/848323/43698/870778/488924/55986/735072/735073/44893/1431433,False,4117139,cc-by-nc,"(c) Scott Buckel, some rights reserved (CC BY-NC), uploaded by Scott Buckel",https://inaturalist-open-data.s3.amazonaws.com/photos/4117139/square.jpg,1024,683,[],https://inaturalist-open-data.s3.amazonaws.com/photos/4117139/square.jpg,https://inaturalist-open-data.s3.amazonaws.com/photos/4117139/medium.jpg,0,6,3650,0,0,,57.0,,http://en.wikipedia.org/wiki/Hispid_cotton_rat,Mammalia,Hispid Cotton Rat,,,,,,,,,,,,,,,,,,,
30,3,40347,species,10,40151,"[48460, 1, 2, 355675, 40151, 848317, 848320, 848324, 40268, 446946, 446959, 40269, 846269, 40270, 1431384, 40347]",True,Myotis thysanodes,1431384,48460/1/2/355675/40151/848317/848320/848324/40268/446946/446959/40269/846269/40270/1431384,False,11846142,cc-by-sa,"(c) Juan Cruzado Cortés, some rights reserved (CC BY-SA), uploaded by Juan Cruzado Cortés",https://inaturalist-open-data.s3.amazonaws.com/photos/11846142/square.jpeg,1365,2048,[],https://inaturalist-open-data.s3.amazonaws.com/photos/11846142/square.jpeg,https://inaturalist-open-data.s3.amazonaws.com/photos/11846142/medium.jpeg,0,6,118,0,0,,,,http://en.wikipedia.org/wiki/Fringed_myotis,Mammalia,Fringed Myotis,,,,,,,,,,,,,,,,,,,
31,3,40348,species,10,40151,"[48460, 1, 2, 355675, 40151, 848317, 848320, 848324, 40268, 446946, 446959, 40269, 846269, 40270, 1431384, 40348]",True,Myotis velifer,1431384,48460/1/2/355675/40151/848317/848320/848324/40268/446946/446959/40269/846269/40270/1431384,False,502111,,"(c) Arnulfo Moreno-Valdez, all rights reserved, uploaded by Arnulfo Moreno-Valdez",https://static.inaturalist.org/photos/502111/square.jpg,600,800,[],https://static.inaturalist.org/photos/502111/square.jpg,https://static.inaturalist.org/photos/502111/medium.jpg,0,6,273,0,0,,,,http://en.wikipedia.org/wiki/Cave_myotis,Mammalia,Cave Myotis,,,,,,,,,,,,,,,,,,,
32,3,44062,species,10,40151,"[48460, 1, 2, 355675, 40151, 848317, 848320, 848323, 43698, 870764, 44027, 1317270, 846288, 44061, 1431479, 44062]",True,Thomomys bottae,1431479,48460/1/2/355675/40151/848317/848320/848323/43698/870764/44027/1317270/846288/44061/1431479,False,10111949,,"(c) Jay Keller, all rights reserved, uploaded by Jay Keller",https://static.inaturalist.org/photos/10111949/square.jpg,1927,1927,[],https://static.inaturalist.org/photos/10111949/square.jpg,https://static.inaturalist.org/photos/10111949/medium.jpg,0,6,8681,0,0,,39.0,,http://en.wikipedia.org/wiki/Botta's_pocket_gopher,Mammalia,Botta's Pocket Gopher,,,,,,,,,,,,,,,,,,,
33,2,40325,species,10,40151,"[48460, 1, 2, 355675, 40151, 848317, 848320, 848324, 40268, 446946, 446959, 40269, 846269, 40270, 1431384, 40325]",True,Myotis yumanensis,1431384,48460/1/2/355675/40151/848317/848320/848324/40268/446946/446959/40269/846269/40270/1431384,False,546851,cc-by,"(c) Don Loarie, some rights reserved (CC BY)",https://inaturalist-open-data.s3.amazonaws.com/photos/546851/square.jpg,1458,2048,[],https://inaturalist-open-data.s3.amazonaws.com/photos/546851/square.jpg,https://inaturalist-open-data.s3.amazonaws.com/photos/546851/medium.jpg,0,6,371,0,0,,,,http://en.wikipedia.org/wiki/Yuma_myotis,Mammalia,Yuma Myotis,,,,,,,,,,,,,,,,,,,
34,2,40342,species,10,40151,"[48460, 1, 2, 355675, 40151, 848317, 848320, 848324, 40268, 446946, 446959, 40269, 846269, 40270, 1431384, 40342]",True,Myotis californicus,1431384,48460/1/2/355675/40151/848317/848320/848324/40268/446946/446959/40269/846269/40270/1431384,False,2400863,cc-by-nc-sa,"(c) Frank Carey, some rights reserved (CC BY-NC-SA)",https://inaturalist-open-data.s3.amazonaws.com/photos/2400863/square.jpg,720,576,[],https://inaturalist-open-data.s3.amazonaws.com/photos/2400863/square.jpg,https://inaturalist-open-data.s3.amazonaws.com/photos/2400863/medium.jpg,0,6,451,0,0,,124.0,,http://en.wikipedia.org/wiki/California_myotis,Mammalia,California Myotis,,,,,,,,,,,,,,,,,,,
35,2,40509,species,10,40151,"[48460, 1, 2, 355675, 40151, 848317, 848320, 848324, 40268, 446946, 446959, 40269, 846180, 1317273, 40477, 1431379, 40509]",True,Eptesicus fuscus,1431379,48460/1/2/355675/40151/848317/848320/848324/40268/446946/446959/40269/846180/1317273/40477/1431379,False,11370649,cc-by-nc,"(c) Joe Bartok, some rights reserved (CC BY-NC), uploaded by Joe Bartok",https://inaturalist-open-data.s3.amazonaws.com/photos/11370649/square.jpg,1536,2048,[],https://inaturalist-open-data.s3.amazonaws.com/photos/11370649/square.jpg,https://inaturalist-open-data.s3.amazonaws.com/photos/11370649/medium.jpg,1,6,6387,2,0,,55.0,,http://en.wikipedia.org/wiki/Big_brown_bat,Mammalia,Big Brown Bat,,,,,,,,,,,,,,,,,,,
36,2,41277,species,10,40151,"[48460, 1, 2, 355675, 40151, 848317, 848320, 848324, 40268, 446946, 446959, 41226, 846197, 41270, 41277]",True,Eumops perotis,41270,48460/1/2/355675/40151/848317/848320/848324/40268/446946/446959/41226/846197/41270,False,1338134,,"(c) Jose G. Martinez-Fonseca, all rights reserved",https://static.inaturalist.org/photos/1338134/square.jpg,2048,1356,[],https://static.inaturalist.org/photos/1338134/square.jpg,https://static.inaturalist.org/photos/1338134/medium.jpg,0,6,57,0,0,,,,http://en.wikipedia.org/wiki/Western_mastiff_bat,Mammalia,Western Bonneted Bat,,,,,,,,,,,,,,,,,,,
37,2,42429,species,10,40151,"[48460, 1, 2, 355675, 40151, 848317, 848320, 848324, 152870, 424850, 42427, 42428, 42429]",True,Antilocapra americana,42428,48460/1/2/355675/40151/848317/848320/848324/152870/424850/42427/42428,False,45604972,cc-by-nc,"(c) bwood708, some rights reserved (CC BY-NC), uploaded by bwood708",https://inaturalist-open-data.s3.amazonaws.com/photos/45604972/square.jpg,1364,2048,[],https://inaturalist-open-data.s3.amazonaws.com/photos/45604972/square.jpg,https://inaturalist-open-data.s3.amazonaws.com/photos/45604972/medium.jpg,0,7,13326,2,0,,3.0,,http://en.wikipedia.org/wiki/Pronghorn,Mammalia,Pronghorn,,,,,,,,,,,,,,,,,,,
38,2,58393,species,10,40151,"[48460, 1, 2, 355675, 40151, 848317, 848320, 848324, 41573, 41871, 846224, 41881, 58393]",True,Spilogale gracilis,41881,48460/1/2/355675/40151/848317/848320/848324/41573/41871/846224/41881,False,49538663,,"(c) tbjwildlife, all rights reserved",https://static.inaturalist.org/photos/49538663/square.jpg,1365,2048,[],https://static.inaturalist.org/photos/49538663/square.jpg,https://static.inaturalist.org/photos/49538663/medium.jpg,0,6,877,0,0,,89.0,,http://en.wikipedia.org/wiki/Western_spotted_skunk,Mammalia,Western Spotted Skunk,,,,,,,,,,,,,,,,,,,
39,1,41301,species,10,40151,"[48460, 1, 2, 355675, 40151, 848317, 848320, 848324, 40268, 446946, 446959, 41226, 846197, 41293, 41301]",True,Tadarida brasiliensis,41293,48460/1/2/355675/40151/848317/848320/848324/40268/446946/446959/41226/846197/41293,False,36521963,cc-by-nc,"(c) JABZ, some rights reserved (CC BY-NC), uploaded by JABZ",https://inaturalist-open-data.s3.amazonaws.com/photos/36521963/square.jpg,1004,1500,[],https://inaturalist-open-data.s3.amazonaws.com/photos/36521963/square.jpg,https://inaturalist-open-data.s3.amazonaws.com/photos/36521963/medium.jpg,0,6,4036,0,0,,60.0,,http://en.wikipedia.org/wiki/Mexican_free-tailed_bat,Mammalia,Mexican Free-tailed Bat,,,,,,,,,,,,,,,,,,,
40,1,41314,species,10,40151,"[48460, 1, 2, 355675, 40151, 848317, 848320, 848324, 40268, 446946, 446959, 41226, 846197, 41311, 41314]",True,Nyctinomops femorosaccus,41311,48460/1/2/355675/40151/848317/848320/848324/40268/446946/446959/41226/846197/41311,False,240061841,,"(c) Diego Barrales, all rights reserved, uploaded by Diego Barrales",https://static.inaturalist.org/photos/240061841/square.jpg,1365,2048,[],https://static.inaturalist.org/photos/240061841/square.jpg,https://static.inaturalist.org/photos/240061841/medium.jpg,0,6,48,0,0,,,,http://en.wikipedia.org/wiki/Pocketed_free-tailed_bat,Mammalia,Pocketed Free-tailed Bat,,,,,,,,,,,,,,,,,,,
41,1,41777,species,10,40151,"[48460, 1, 2, 355675, 40151, 848317, 848320, 848324, 41573, 41770, 526556, 41775, 41777]",True,Lontra canadensis,41775,48460/1/2/355675/40151/848317/848320/848324/41573/41770/526556/41775,False,99994014,,"(c) Keith Dvorsky, all rights reserved, uploaded by Keith Dvorsky",https://static.inaturalist.org/photos/99994014/square.jpg,1514,2048,[],https://static.inaturalist.org/photos/99994014/square.jpg,https://static.inaturalist.org/photos/99994014/medium.jpg,0,6,20198,1,0,,30.0,,http://en.wikipedia.org/wiki/North_American_river_otter,Mammalia,North American River Otter,,,NatureServe,s3,vulnerable,obscured,30.0,18.0,Texas,"Texas, US",97394/1,,,,,,,,
42,1,42070,species,10,40151,"[48460, 1, 2, 355675, 40151, 848317, 848320, 848324, 41573, 42043, 42054, 42070]",True,Vulpes macrotis,42054,48460/1/2/355675/40151/848317/848320/848324/41573/42043/42054,False,191246704,,"(c) Paul Stiles, all rights reserved, uploaded by Paul Stiles",https://static.inaturalist.org/photos/191246704/square.jpeg,1197,2048,[],https://static.inaturalist.org/photos/191246704/square.jpeg,https://static.inaturalist.org/photos/191246704/medium.jpeg,1,7,963,1,0,,100.0,,https://en.wikipedia.org/wiki/Kit_fox,Mammalia,Kit Fox,,,,,,,,,,,,,,,,,,,
43,1,44097,species,10,40151,"[48460, 1, 2, 355675, 40151, 848317, 848320, 848323, 43698, 870764, 44081, 481657, 44082, 44097]",True,Chaetodipus eremicus,44082,48460/1/2/355675/40151/848317/848320/848323/43698/870764/44081/481657/44082,False,75977,,"(c) Dan Leavitt, all rights reserved, uploaded by Dan Leavitt",https://static.inaturalist.org/photos/75977/square.JPG,1536,2048,[],https://static.inaturalist.org/photos/75977/square.JPG,https://static.inaturalist.org/photos/75977/medium.JPG,0,6,27,1,0,,,,http://en.wikipedia.org/wiki/Chihuahuan_pocket_mouse,Mammalia,Eastern Desert Pocket Mouse,,,,,,,,,,,,,,,,,,,
44,1,44390,species,10,40151,"[48460, 1, 2, 355675, 40151, 848317, 848320, 848323, 43698, 870778, 488924, 55986, 325776, 325775, 44349, 44390]",True,Peromyscus eremicus,44349,48460/1/2/355675/40151/848317/848320/848323/43698/870778/488924/55986/325776/325775/44349,False,41600635,cc-by-nc-nd,"(c) Centro Integralmente Planeado Playa Espíritu. FONATUR, Sinaloa., some rights reserved (CC BY-NC-ND), uploaded by Centro Integralmente Planeado Playa Espíritu. FONATUR, Sinaloa.",https://inaturalist-open-data.s3.amazonaws.com/photos/41600635/square.jpeg,1365,2048,[],https://inaturalist-open-data.s3.amazonaws.com/photos/41600635/square.jpeg,https://inaturalist-open-data.s3.amazonaws.com/photos/41600635/medium.jpeg,1,6,303,0,0,,,,http://en.wikipedia.org/wiki/Cactus_mouse,Mammalia,Cactus Mouse,,,,,,,,,,,,,,,,,,,
45,1,74113,species,10,40151,"[48460, 1, 2, 355675, 40151, 848317, 848320, 848324, 152870, 424850, 42241, 568826, 846321, 42396, 74113]",True,Bos taurus,42396,48460/1/2/355675/40151/848317/848320/848324/152870/424850/42241/568826/846321/42396,False,273302691,cc-by-sa,"(c) Verum, some rights reserved (CC BY-SA)",https://inaturalist-open-data.s3.amazonaws.com/photos/273302691/square.jpg,1365,2048,[],https://inaturalist-open-data.s3.amazonaws.com/photos/273302691/square.jpg,https://inaturalist-open-data.s3.amazonaws.com/photos/273302691/medium.jpg,1,3,24963,2,0,,,,http://en.wikipedia.org/wiki/Cattle,Mammalia,Domestic Cattle,,,,,,,,,,,,,99531672.0,introduced,55071.0,Big Bend National Park,"Big Bend National Park, US, TX",97394/1/18,introduced
46,1,74207,species,10,40151,"[48460, 1, 2, 355675, 40151, 848317, 848320, 848323, 43698, 870764, 44027, 1317270, 846225, 71834, 74207]",True,Cratogeomys castanops,71834,48460/1/2/355675/40151/848317/848320/848323/43698/870764/44027/1317270/846225/71834,False,164519276,cc-by-nc-nd,"(c) Andrés Ortega Chufani, some rights reserved (CC BY-NC-ND), uploaded by Andrés Ortega Chufani",https://inaturalist-open-data.s3.amazonaws.com/photos/164519276/square.jpg,1080,1440,[],https://inaturalist-open-data.s3.amazonaws.com/photos/164519276/square.jpg,https://inaturalist-open-data.s3.amazonaws.com/photos/164519276/medium.jpg,0,6,115,0,0,,,,http://en.wikipedia.org/wiki/Yellow-faced_pocket_gopher,Mammalia,Yellow-faced Pocket Gopher,,,,,,,,,,,,,,,,,,,
47,1,74476,species,10,40151,"[48460, 1, 2, 355675, 40151, 848317, 848320, 848324, 40268, 446946, 446959, 40269, 846180, 846297, 40516, 1492824, 74476]",True,Lasiurus xanthinus,1492824,48460/1/2/355675/40151/848317/848320/848324/40268/446946/446959/40269/846180/846297/40516/1492824,False,323991,cc-by-sa,"(c) Juan Cruzado Cortés, some rights reserved (CC BY-SA), uploaded by Juan Cruzado Cortés",https://inaturalist-open-data.s3.amazonaws.com/photos/323991/square.jpg,683,1024,[],https://inaturalist-open-data.s3.amazonaws.com/photos/323991/square.jpg,https://inaturalist-open-data.s3.amazonaws.com/photos/323991/medium.jpg,1,6,114,0,0,,,,http://en.wikipedia.org/wiki/Western_yellow_bat,Mammalia,Western Yellow Bat,,,,,,,,,,,,,,,,,,,
48,1,74756,species,10,40151,"[48460, 1, 2, 355675, 40151, 848317, 848320, 848323, 43698, 870778, 488924, 55986, 325776, 735166, 44737, 1431442, 74756]",True,Neotoma leucodon,1431442,48460/1/2/355675/40151/848317/848320/848323/43698/870778/488924/55986/325776/735166/44737/1431442,False,663345,cc-by-sa,"(c) Juan Cruzado Cortés, some rights reserved (CC BY-SA), uploaded by Juan Cruzado Cortés",https://inaturalist-open-data.s3.amazonaws.com/photos/663345/square.JPG,1365,2048,[],https://inaturalist-open-data.s3.amazonaws.com/photos/663345/square.JPG,https://inaturalist-open-data.s3.amazonaws.com/photos/663345/medium.JPG,0,6,52,0,0,,,,http://en.wikipedia.org/wiki/White-toothed_woodrat,Mammalia,White-toothed Woodrat,,,,,,,,,,,,,,,,,,,
49,1,179987,species,10,40151,"[48460, 1, 2, 355675, 40151, 848317, 848320, 848323, 43698, 129411, 45933, 339572, 209650, 179975, 179987]",True,Ictidomys parvidens,179975,48460/1/2/355675/40151/848317/848320/848323/43698/129411/45933/339572/209650/179975,False,253428,cc-by-nc,"(c) Greg Lasley, some rights reserved (CC BY-NC), uploaded by Greg Lasley",https://inaturalist-open-data.s3.amazonaws.com/photos/253428/square.jpg,667,1000,[],https://inaturalist-open-data.s3.amazonaws.com/photos/253428/square.jpg,https://inaturalist-open-data.s3.amazonaws.com/photos/253428/medium.jpg,1,2,980,1,0,,91.0,,http://en.wikipedia.org/wiki/Ictidomys_parvidens,Mammalia,Rio Grande Ground Squirrel,,,,,,,,,,,,,,,,,,,
50,1,1264431,species,10,40151,"[48460, 1, 2, 355675, 40151, 848317, 848320, 848324, 41573, 41770, 526558, 1264428, 1264431]",True,Neogale frenata,1264428,48460/1/2/355675/40151/848317/848320/848324/41573/41770/526558/1264428,False,77935414,cc-by,"(c) benjchristensen, some rights reserved (CC BY)",https://inaturalist-open-data.s3.amazonaws.com/photos/77935414/square.jpg,1365,2048,[],https://inaturalist-open-data.s3.amazonaws.com/photos/77935414/square.jpg,https://inaturalist-open-data.s3.amazonaws.com/photos/77935414/medium.jpg,1,0,3668,0,0,,36110.0,,https://en.wikipedia.org/wiki/Long-tailed_weasel,Mammalia,Long-tailed Weasel,,,,,,,,,,,,,,,,,,,
51,1,1353297,species,10,40151,"[48460, 1, 2, 355675, 40151, 848317, 848320, 848323, 43094, 43095, 43096, 1353297]",True,Sylvilagus holzneri,43096,48460/1/2/355675/40151/848317/848320/848323/43094/43095/43096,False,91006437,cc-by-nc,"(c) Victoria Aguilar, some rights reserved (CC BY-NC), uploaded by Victoria Aguilar",https://inaturalist-open-data.s3.amazonaws.com/photos/91006437/square.jpeg,1365,2048,[],https://inaturalist-open-data.s3.amazonaws.com/photos/91006437/square.jpeg,https://inaturalist-open-data.s3.amazonaws.com/photos/91006437/medium.jpeg,2,0,147,0,0,,53988.0,,https://en.wikipedia.org/wiki/Robust_cottontail,Mammalia,Holzner Cottontail,15286.0,,IUCN Red List,en,endangered,obscured,40.0,1.0,United States,United States,97394,,,,,,,,
